algoritmo,recompensa_final,exito_final,tiempo_s
JAL-GT,1.2893333333333337,0.6972222222222221,185.2
IQL,1.5177500000000002,0.798611111111111,44.5
