algoritmo,recompensa_final,exito_final,tiempo_s
JAL-GT,0.905611111111111,0.5319444444444444,191.5
IQL,1.204888888888889,0.6666666666666666,45.4
