algoritmo,recompensa_final,exito_final,tiempo_s
JAL-GT,0.6751388888888887,0.47361111111111115,303.5
IQL,1.1490833333333332,0.6722222222222222,73.5
