algoritmo,recompensa_final,exito_final,tiempo_s
JAL-GT,-0.252027777777778,0.19305555555555556,563.0
IQL,0.035555555555555306,0.3,138.7
