algoritmo,recompensa_final,exito_final,tiempo_s
JAL-GT,0.8397777777777778,0.6041666666666665,616.7
IQL,0.7903888888888888,0.5888888888888889,146.7
