algoritmo,recompensa_final,exito_final,tiempo_s
JAL-GT,0.26563888888888876,0.2972222222222221,336.2
IQL,0.7565555555555555,0.5027777777777778,111.6
