algoritmo,recompensa_final,exito_final,tiempo_s
JAL-GT,0.164611111111111,0.25555555555555554,374.6
IQL,0.6655277777777776,0.46388888888888885,94.4
