algoritmo,recompensa_final,exito_final,tiempo_s
JAL-GT,0.1809722222222221,0.2625,303.3
IQL,0.6975833333333332,0.47777777777777786,90.8
