algoritmo,recompensa_final,exito_final,tiempo_s
JAL-GT,0.16488888888888872,0.25555555555555554,341.8
IQL,0.7116666666666666,0.48333333333333334,53.7
