algoritmo,recompensa_final,exito_final,tiempo_s
JAL-GT,0.22199999999999984,0.2791666666666666,345.0
IQL,0.6739166666666665,0.4680555555555556,112.8
