algoritmo,recompensa_final,exito_final,tiempo_s
JAL-GT,0.22411111111111104,0.2805555555555555,344.6
IQL,0.8705833333333334,0.5499999999999999,109.1
